feature,importance
num__building_area_m2,1109250.917514846
num__land_area_m2,282442.38274439913
num__annual_cost,231050.05783716016
num__renovation_cost,91994.32705701595
num__condition,60953.67846713621
