scenario;property_type;count;current_score_median;target_score_median;score_delta_mean;score_delta_median;score_delta_p25;score_delta_p75;factor_delta_mean;factor_delta_median;value_delta_mean;value_delta_median;value_delta_p25;value_delta_p75;value_delta_pct_median;current_value_median;target_value_median;ksh_baseline_median
2->5;Lakás;44;0.2152725;0.424809;0.2702015909090909;0.2567415;0.17635025;0.35414324999999997;0.1080807727272727;0.10269650000000002;3155800.227272727;2682102.0;1715825.0;4333317.75;0.11797463545267976;21990235.5;23356110.5;23758952.5
2->5;Lakóház;1225;0.504378;0.502863;-0.0019050775510204097;-0.0022280000000000078;-0.06114400000000003;0.057892;-0.0007620448979591831;-0.0008909999999999751;-23705.966530612244;-12655.0;-367759.0;348227.0;-0.0008843499198246321;17867231.0;18069785.0;17945208.0
3->5;Lakás;291;0.278958;0.500283;0.21347775945017183;0.203869;0.06293200000000004;0.3489605;0.08539112027491409;0.08154800000000006;2036195.93814433;1458662.0;385542.5;3243597.5;0.09262588322199747;16732231.0;18156540.0;18404663.0
3->5;Lakóház;4935;0.506702;0.504821;-0.0009691623100303949;-0.00028600000000000847;-0.04368349999999996;0.04514199999999999;-0.00038766545086119444;-0.00011399999999994748;-34532.404457953395;-1556.0;-294429.5;302836.5;-0.00011365415504514273;18418237.0;18465091.0;18432000.0
4->5;Lakás;197;0.291858;0.583805;0.2334653197969543;0.22274700000000003;0.03906399999999999;0.472021;0.0933861269035533;0.08909899999999993;2404895.964467005;2498339.0;255809.0;4752090.0;0.0952670645828845;23235334.0;25810317.0;25271670.0
4->5;Lakóház;1221;0.500337;0.500913;0.00252494266994267;-0.0008619999999999739;-0.017768999999999924;0.021523999999999988;0.0010099762489762488;-0.00034400000000001096;-39529.488124488125;-4561.0;-141427.0;154897.0;-0.00035557253385920745;18753492.0;18643121.0;18738000.0
